{
    "op": "touchdata",
    "lessonid": "1269219809936386944",
    "draw": {
        "type": "draw",
        "boardid": "1269241833463327616",
        "action": "write",
        "coords": [
            {
                "x": 1141.5999755859375,
                "y": 65.5999984741211,
                "w": 4,
                "h": 4,
                "d": 1
            },
            {
                "x": 1141.5999755859375,
                "y": 65.5999984741211,
                "w": 4,
                "h": 4,
                "d": 1
            }
        ],
        "color": "#000000",
        "dt": 1729142223515,
        "duration": 112
    }
}